{
  "farmersdelight:main/root": {
    "criteria": {
      "seeds": "2022-08-17 02:34:00 -0400"
    },
    "done": true
  },
  "brewinandchewin:recipes/brewinandchewin/pizza": {
    "criteria": {
      "has_cheese": "2022-08-17 02:36:45 -0400"
    },
    "done": true
  },
  "minecraft:recipes/decorations/glow_item_frame": {
    "criteria": {
      "has_item_frame": "2022-08-17 02:44:07 -0400"
    },
    "done": true
  },
  "minecraft:husbandry/root": {
    "criteria": {
      "consumed_item": "2022-08-17 02:34:02 -0400"
    },
    "done": true
  },
  "farmersdelight:main/eat_nourishing_food": {
    "criteria": {
      "nourished": "2022-08-17 02:38:57 -0400"
    },
    "done": true
  },
  "brewinandchewin:recipes/brewinandchewin/ham_and_cheese_sandwich": {
    "criteria": {
      "has_cheese": "2022-08-17 02:36:45 -0400"
    },
    "done": true
  },
  "farmersdelight:main/place_cooking_pot": {
    "criteria": {
      "cooking_pot": "2022-08-17 02:37:09 -0400"
    },
    "done": true
  },
  "minecraft:adventure/adventuring_time": {
    "criteria": {
      "minecraft:forest": "2022-08-17 02:31:46 -0400",
      "minecraft:meadow": "2022-08-17 02:35:35 -0400",
      "minecraft:plains": "2022-08-17 02:54:16 -0400"
    },
    "done": false
  },
  "farmersdelight:recipes/farmersdelight/straw": {
    "criteria": {
      "has_straw_bale": "2022-08-17 02:44:17 -0400"
    },
    "done": true
  },
  "DataVersion": 2975
}