{
  "type": "minecraft:crafting_shapeless",
  "ingredients": [
    {
      "item": "shepherdsdelight:weeping_loaf"
    },
    {
      "item": "shepherdsdelight:red_cheese_slice"
    },
    {
      "item": "minecraft:nether_wart"
    },
    {
      "item": "minecraft:nether_wart"
    },
    {
      "item": "nethersdelight:hoglin_sirloin"
    },
    {
      "item": "shepherdsdelight:shroomlight_sauce"
    }
  ],
  "result": {
    "item": "shepherdsdelight:hoglin_sandwich_wrap"
  }
}