{
	"credit": "Made with Blockbench",
	"texture_size": [32, 32],
	"textures": {
		"0": "shepherdsdelight:block/stuffed_meatloaf_meatloaf",
		"1": "shepherdsdelight:block/stuffed_meatloaf_carrot",
		"2": "shepherdsdelight:block/stuffed_meatloaf_bacon",
		"4": "shepherdsdelight:block/stuffed_meatloaf_plate",
		"particle": "shepherdsdelight:block/stuffed_meatloaf_meatloaf"
	},
	"elements": [
		{
			"from": [4, 3, 3],
			"to": [12, 10, 13],
			"faces": {
				"north": {"uv": [8, 0, 12, 3.5], "texture": "#0"},
				"east": {"uv": [0, 5, 5, 8.5], "texture": "#0"},
				"south": {"uv": [0, 8.5, 4, 12], "texture": "#0"},
				"west": {"uv": [5, 5, 10, 8.5], "texture": "#0"},
				"up": {"uv": [4, 5, 0, 0], "texture": "#0"},
				"down": {"uv": [8, 0, 4, 5], "texture": "#0"}
			}
		},
		{
			"from": [7, 5, 2],
			"to": [9, 7, 14],
			"faces": {
				"north": {"uv": [4, 4, 6, 6], "texture": "#1"},
				"east": {"uv": [0, 0, 12, 2], "texture": "#1"},
				"south": {"uv": [4, 6, 6, 8], "texture": "#1"},
				"west": {"uv": [0, 2, 12, 4], "texture": "#1"},
				"up": {"uv": [2, 16, 0, 4], "texture": "#1"},
				"down": {"uv": [4, 4, 2, 16], "texture": "#1"}
			}
		},
		{
			"from": [2, 2, 1.5],
			"to": [14, 3, 14.5],
			"faces": {
				"north": {"uv": [0, 7, 6, 7.5], "texture": "#2"},
				"east": {"uv": [0, 6.5, 6.5, 7], "texture": "#2"},
				"south": {"uv": [6, 7, 12, 7.5], "texture": "#2"},
				"west": {"uv": [6.5, 6.5, 13, 7], "texture": "#2"},
				"up": {"uv": [6, 6.5, 0, 0], "texture": "#2"},
				"down": {"uv": [12, 0, 6, 6.5], "texture": "#2"}
			}
		},
		{
			"from": [1, 0, 1],
			"to": [15, 2, 15],
			"faces": {
				"north": {"uv": [7, 0, 14, 1], "texture": "#4"},
				"east": {"uv": [7, 1, 14, 2], "texture": "#4"},
				"south": {"uv": [7, 2, 14, 3], "texture": "#4"},
				"west": {"uv": [7, 3, 14, 4], "texture": "#4"},
				"up": {"uv": [7, 7, 0, 0], "texture": "#4"},
				"down": {"uv": [7, 7, 0, 14], "texture": "#4"}
			}
		}
	],
	"groups": [
		{
			"name": "group",
			"origin": [8, 8, 8],
			"color": 0,
			"children": [0, 1, 2, 3]
		}
	]
}