{
  "farmersdelight:main/root": {
    "criteria": {
      "seeds": "2022-08-17 02:13:25 -0400"
    },
    "done": true
  },
  "minecraft:husbandry/root": {
    "criteria": {
      "consumed_item": "2022-08-17 02:13:28 -0400"
    },
    "done": true
  },
  "farmersdelight:main/eat_nourishing_food": {
    "criteria": {
      "nourished": "2022-08-17 02:13:35 -0400"
    },
    "done": true
  },
  "minecraft:adventure/adventuring_time": {
    "criteria": {
      "minecraft:taiga": "2022-08-17 02:13:19 -0400",
      "minecraft:stony_shore": "2022-08-17 02:11:49 -0400"
    },
    "done": false
  },
  "DataVersion": 2975
}