{"stats":{"minecraft:used":{"shepherdsdelight:mozzasticks":3,"shepherdsdelight:rice_burger":3,"minecraft:item_frame":18,"farmersdelight:mutton_wrap":2,"brewinandchewin:scarlet_cheese_wedge":1,"brewinandchewin:pizza_slice":2,"farmersdelight:straw_bale":13,"minecraft:magma_block":1,"shepherdsdelight:cooked_meatloaf":1,"farmersdelight:chicken_sandwich":2,"shepherdsdelight:saucy_sausage":1,"shepherdsdelight:smoked_sausage":1,"brewinandchewin:ham_and_cheese_sandwich":2,"shepherdsdelight:llama_burger":2,"shepherdsdelight:rice_cake":1,"farmersdelight:egg_sandwich":1,"shepherdsdelight:sour_burger":1,"farmersdelight:cooking_pot":2,"shepherdsdelight:steamed_sandwich":2,"brewinandchewin:flaxen_cheese_wedge":1,"shepherdsdelight:raw_equin_ribs":2,"shepherdsdelight:shroomlight_sandwich":1,"shepherdsdelight:weeping_vines_block":8,"farmersdelight:bacon_sandwich":2,"farmersdelight:hamburger":2,"shepherdsdelight:hoglin_sandwich_wrap":2},"minecraft:picked_up":{"shepherdsdelight:llama_burger":1,"minecraft:item_frame":1},"minecraft:custom":{"minecraft:time_since_rest":28022,"minecraft:crouch_one_cm":161,"minecraft:play_time":28022,"minecraft:sprint_one_cm":15234,"minecraft:walk_one_cm":31135,"minecraft:sneak_time":266,"minecraft:jump":113,"minecraft:leave_game":1,"minecraft:time_since_death":28022,"minecraft:total_world_time":28198,"minecraft:fly_one_cm":82303}},"DataVersion":2975}