{
  "type": "farmersdelight:add_item",
  "conditions": [
    {
      "condition": "minecraft:entity_properties",
      "entity": "killer",
      "predicate": {
        "equipment": {
          "mainhand": {
            "tag": "farmersdelight:tools/knives"
          }
        }
      }
    },
    {
      "condition": "minecraft:alternative",
      "terms": [
        {
          "condition": "minecraft:entity_properties",
          "entity": "this",
          "predicate": {
            "type": "minecraft:ghast"
          }
        }
      ]
    }
  ],
  "item": "shepherdsdelight:ghast_fire_sac"
}